full_name,gender,type,state,district,senate_class,party,address,phone,contact_form
Sherrod Brown,M,sen,OH,,1,Democrat,503 Hart Senate Office Building Washington DC 20510,202-224-2315,http://www.brown.senate.gov/contact/
Maria Cantwell,F,sen,WA,,1,Democrat,511 Hart Senate Office Building Washington DC 20510,202-224-3441,http://www.cantwell.senate.gov/public/index.cfm/email-maria
Benjamin L. Cardin,M,sen,MD,,1,Democrat,509 Hart Senate Office Building Washington DC 20510,202-224-4524,http://www.cardin.senate.gov/contact/
Thomas R. Carper,M,sen,DE,,1,Democrat,513 Hart Senate Office Building Washington DC 20510,202-224-2441,http://www.carper.senate.gov/public/index.cfm/email-senator-carper
"Robert P. Casey, Jr.",M,sen,PA,,1,Democrat,393 Russell Senate Office Building Washington DC 20510,202-224-6324,https://www.casey.senate.gov/contact/
Dianne Feinstein,F,sen,CA,,1,Democrat,331 Hart Senate Office Building Washington DC 20510,202-224-3841,https://www.feinstein.senate.gov/public/index.cfm/e-mail-me
Amy Klobuchar,F,sen,MN,,1,Democrat,425 Dirksen Senate Office Building Washington DC 20510,202-224-3244,http://www.klobuchar.senate.gov/public/index.cfm/contact
Robert Menendez,M,sen,NJ,,1,Democrat,528 Hart Senate Office Building Washington DC 20510,202-224-4744,https://www.menendez.senate.gov/contact
Bernard Sanders,M,sen,VT,,1,Independent,332 Dirksen Senate Office Building Washington DC 20510,202-224-5141,http://www.sanders.senate.gov/contact/
Debbie Stabenow,F,sen,MI,,1,Democrat,731 Hart Senate Office Building Washington DC 20510,202-224-4822,https://www.stabenow.senate.gov/contact
Jon Tester,M,sen,MT,,1,Democrat,311 Hart Senate Office Building Washington DC 20510,202-224-2644,https://www.tester.senate.gov/?p=email_senator
Sheldon Whitehouse,M,sen,RI,,1,Democrat,530 Hart Senate Office Building Washington DC 20510,202-224-2921,https://www.whitehouse.senate.gov/contact/email-sheldon
John Barrasso,M,sen,WY,,1,Republican,307 Dirksen Senate Office Building Washington DC 20510,202-224-6441,https://www.barrasso.senate.gov/public/index.cfm/contact-form
Roger F. Wicker,M,sen,MS,,1,Republican,555 Dirksen Senate Office Building Washington DC 20510,202-224-6253,https://www.wicker.senate.gov/public/index.cfm/contact
Lamar Alexander,M,sen,TN,,2,Republican,455 Dirksen Senate Office Building Washington DC 20510,202-224-4944,http://www.alexander.senate.gov/public/index.cfm?p=Email
Susan M. Collins,F,sen,ME,,2,Republican,413 Dirksen Senate Office Building Washington DC 20510,202-224-2523,http://www.collins.senate.gov/contact
John Cornyn,M,sen,TX,,2,Republican,517 Hart Senate Office Building Washington DC 20510,202-224-2934,https://www.cornyn.senate.gov/contact
Richard J. Durbin,M,sen,IL,,2,Democrat,711 Hart Senate Office Building Washington DC 20510,202-224-2152,https://www.durbin.senate.gov/contact/
Michael B. Enzi,M,sen,WY,,2,Republican,379A Russell Senate Office Building Washington DC 20510,202-224-3424,http://www.enzi.senate.gov/public/index.cfm/contact?p=e-mail-senator-enzi
Lindsey Graham,M,sen,SC,,2,Republican,290 Russell Senate Office Building Washington DC 20510,202-224-5972,https://www.lgraham.senate.gov/public/index.cfm/e-mail-senator-graham
James M. Inhofe,M,sen,OK,,2,Republican,205 Russell Senate Office Building Washington DC 20510,202-224-4721,https://www.inhofe.senate.gov/contact
Mitch McConnell,M,sen,KY,,2,Republican,317 Russell Senate Office Building Washington DC 20510,202-224-2541,http://www.mcconnell.senate.gov/public/index.cfm?p=contact
Jeff Merkley,M,sen,OR,,2,Democrat,313 Hart Senate Office Building Washington DC 20510,202-224-3753,http://www.merkley.senate.gov/contact/
Jack Reed,M,sen,RI,,2,Democrat,728 Hart Senate Office Building Washington DC 20510,202-224-4642,https://www.reed.senate.gov/contact/
James E. Risch,M,sen,ID,,2,Republican,483 Russell Senate Office Building Washington DC 20510,202-224-2752,http://www.risch.senate.gov/public/index.cfm?p=Email
Pat Roberts,M,sen,KS,,2,Republican,109 Hart Senate Office Building Washington DC 20510,202-224-4774,https://www.roberts.senate.gov/public/?p=EmailPat
Jeanne Shaheen,F,sen,NH,,2,Democrat,506 Hart Senate Office Building Washington DC 20510,202-224-2841,https://www.shaheen.senate.gov/contact/contact-jeanne
Tom Udall,M,sen,NM,,2,Democrat,531 Hart Senate Office Building Washington DC 20510,202-224-6621,https://www.tomudall.senate.gov/?p=contact
Mark R. Warner,M,sen,VA,,2,Democrat,703 Hart Senate Office Building Washington DC 20510,202-224-2023,http://www.warner.senate.gov/public/index.cfm?p=Contact
Kirsten E. Gillibrand,F,sen,NY,,1,Democrat,478 Russell Senate Office Building Washington DC 20510,202-224-4451,https://www.gillibrand.senate.gov/contact/email-me
Christopher A. Coons,M,sen,DE,,2,Democrat,218 Russell Senate Office Building Washington DC 20510,202-224-5042,https://www.coons.senate.gov/contact
"Joe Manchin, III",M,sen,WV,,1,Democrat,306 Hart Senate Office Building Washington DC 20510,202-224-3954,http://www.manchin.senate.gov/public/index.cfm/contact-form
Robert B. Aderholt,M,rep,AL,4,,Republican,1203 Longworth House Office Building Washington DC 20515-0104,202-225-4876,
Justin Amash,M,rep,MI,3,,Libertarian,106 Cannon House Office Building Washington DC 20515-2203,202-225-3831,
Tammy Baldwin,F,sen,WI,,1,Democrat,709 Hart Senate Office Building Washington DC 20510,202-224-5653,https://www.baldwin.senate.gov/feedback
Karen Bass,F,rep,CA,37,,Democrat,2059 Rayburn House Office Building Washington DC 20515-0537,202-225-7084,
Michael F. Bennet,M,sen,CO,,3,Democrat,261 Russell Senate Office Building Washington DC 20510,202-224-5852,https://www.bennet.senate.gov/public/index.cfm/contact
Gus M. Bilirakis,M,rep,FL,12,,Republican,2227 Rayburn House Office Building Washington DC 20515-0912,202-225-5755,
Rob Bishop,M,rep,UT,1,,Republican,123 Cannon House Office Building Washington DC 20515-4401,202-225-0453,
"Sanford D. Bishop, Jr.",M,rep,GA,2,,Democrat,2407 Rayburn House Office Building Washington DC 20515-1002,202-225-3631,
Marsha Blackburn,F,sen,TN,,1,Republican,357 Dirksen Senate Office Building Washington DC 20510,202-224-3344,https://www.blackburn.senate.gov/email-me
Earl Blumenauer,M,rep,OR,3,,Democrat,1111 Longworth House Office Building Washington DC 20515-3703,202-225-4811,
Richard Blumenthal,M,sen,CT,,3,Democrat,706 Hart Senate Office Building Washington DC 20510,202-224-2823,https://www.blumenthal.senate.gov/contact/
Roy Blunt,M,sen,MO,,3,Republican,260 Russell Senate Office Building Washington DC 20510,202-224-5721,https://www.blunt.senate.gov/public/index.cfm/contact-roy
John Boozman,M,sen,AR,,3,Republican,141 Hart Senate Office Building Washington DC 20510,202-224-4843,https://www.boozman.senate.gov/public/index.cfm/contact
Kevin Brady,M,rep,TX,8,,Republican,1011 Longworth House Office Building Washington DC 20515-4308,202-225-4901,
Mo Brooks,M,rep,AL,5,,Republican,2246 Rayburn House Office Building Washington DC 20515-0105,202-225-4801,
Vern Buchanan,M,rep,FL,16,,Republican,2427 Rayburn House Office Building Washington DC 20515-0916,202-225-5015,
Larry Bucshon,M,rep,IN,8,,Republican,2313 Rayburn House Office Building Washington DC 20515-1408,202-225-4636,
Michael C. Burgess,M,rep,TX,26,,Republican,2161 Rayburn House Office Building Washington DC 20515-4326,202-225-7772,
Richard Burr,M,sen,NC,,3,Republican,217 Russell Senate Office Building Washington DC 20510,202-224-3154,https://www.burr.senate.gov/contact/email
G. K. Butterfield,M,rep,NC,1,,Democrat,2080 Rayburn House Office Building Washington DC 20515-3301,202-225-3101,
Ken Calvert,M,rep,CA,42,,Republican,2205 Rayburn House Office Building Washington DC 20515-0542,202-225-1986,
Shelley Moore Capito,F,sen,WV,,2,Republican,172 Russell Senate Office Building Washington DC 20510,202-224-6472,https://www.capito.senate.gov/contact/contact-shelley
AndrÃ© Carson,M,rep,IN,7,,Democrat,2135 Rayburn House Office Building Washington DC 20515-1407,202-225-4011,
John R. Carter,M,rep,TX,31,,Republican,2110 Rayburn House Office Building Washington DC 20515-4331,202-225-3864,
Bill Cassidy,M,sen,LA,,2,Republican,520 Hart Senate Office Building Washington DC 20510,202-224-5824,https://www.cassidy.senate.gov/contact
Kathy Castor,F,rep,FL,14,,Democrat,2052 Rayburn House Office Building Washington DC 20515-0914,202-225-3376,
Steve Chabot,M,rep,OH,1,,Republican,2408 Rayburn House Office Building Washington DC 20515-3501,202-225-2216,
Judy Chu,F,rep,CA,27,,Democrat,2423 Rayburn House Office Building Washington DC 20515-0527,202-225-5464,
David N. Cicilline,M,rep,RI,1,,Democrat,2233 Rayburn House Office Building Washington DC 20515-3901,202-225-4911,
Yvette D. Clarke,F,rep,NY,9,,Democrat,2058 Rayburn House Office Building Washington DC 20515-3209,202-225-6231,
Wm. Lacy Clay,M,rep,MO,1,,Democrat,2428 Rayburn House Office Building Washington DC 20515-2501,202-225-2406,
Emanuel Cleaver,M,rep,MO,5,,Democrat,2335 Rayburn House Office Building Washington DC 20515-2505,202-225-4535,
James E. Clyburn,M,rep,SC,6,,Democrat,200 Cannon House Office Building Washington DC 20515-4006,202-225-3315,
Steve Cohen,M,rep,TN,9,,Democrat,2104 Rayburn House Office Building Washington DC 20515-4209,202-225-3265,
Tom Cole,M,rep,OK,4,,Republican,2207 Rayburn House Office Building Washington DC 20515-3604,202-225-6165,
K. Michael Conaway,M,rep,TX,11,,Republican,2469 Rayburn House Office Building Washington DC 20515-4311,202-225-3605,
Gerald E. Connolly,M,rep,VA,11,,Democrat,2238 Rayburn House Office Building Washington DC 20515-4611,202-225-1492,
Jim Cooper,M,rep,TN,5,,Democrat,1536 Longworth House Office Building Washington DC 20515-4205,202-225-4311,
Jim Costa,M,rep,CA,16,,Democrat,2081 Rayburn House Office Building Washington DC 20515-0516,202-225-3341,
Joe Courtney,M,rep,CT,2,,Democrat,2332 Rayburn House Office Building Washington DC 20515-0702,202-225-2076,
Mike Crapo,M,sen,ID,,3,Republican,239 Dirksen Senate Office Building Washington DC 20510,202-224-6142,https://www.crapo.senate.gov/contact
"Eric A. ""Rick"" Crawford",M,rep,AR,1,,Republican,2422 Rayburn House Office Building Washington DC 20515-0401,202-225-4076,
Henry Cuellar,M,rep,TX,28,,Democrat,2372 Rayburn House Office Building Washington DC 20515-4328,202-225-1640,
Danny K. Davis,M,rep,IL,7,,Democrat,2159 Rayburn House Office Building Washington DC 20515-1307,202-225-5006,
Susan A. Davis,F,rep,CA,53,,Democrat,1214 Longworth House Office Building Washington DC 20515-0553,202-225-2040,
Peter A. DeFazio,M,rep,OR,4,,Democrat,2134 Rayburn House Office Building Washington DC 20515-3704,202-225-6416,
Diana DeGette,F,rep,CO,1,,Democrat,2111 Rayburn House Office Building Washington DC 20515-0601,202-225-4431,
Rosa L. DeLauro,F,rep,CT,3,,Democrat,2413 Rayburn House Office Building Washington DC 20515-0703,202-225-3661,
Scott DesJarlais,M,rep,TN,4,,Republican,2301 Rayburn House Office Building Washington DC 20515-4204,202-225-6831,
Theodore E. Deutch,M,rep,FL,22,,Democrat,2447 Rayburn House Office Building Washington DC 20515-0922,202-225-3001,
Mario Diaz-Balart,M,rep,FL,25,,Republican,404 Cannon House Office Building Washington DC 20515-0925,202-225-4211,
Lloyd Doggett,M,rep,TX,35,,Democrat,2307 Rayburn House Office Building Washington DC 20515-4335,202-225-4865,
Michael F. Doyle,M,rep,PA,18,,Democrat,306 Cannon House Office Building Washington DC 20515-3818,202-225-2135,
Jeff Duncan,M,rep,SC,3,,Republican,2229 Rayburn House Office Building Washington DC 20515-4003,202-225-5301,
Eliot L. Engel,M,rep,NY,16,,Democrat,2426 Rayburn House Office Building Washington DC 20515-3216,202-225-2464,
Anna G. Eshoo,F,rep,CA,18,,Democrat,202 Cannon House Office Building Washington DC 20515-0518,202-225-8104,
"Charles J. ""Chuck"" Fleischmann",M,rep,TN,3,,Republican,2410 Rayburn House Office Building Washington DC 20515-4203,202-225-3271,
Bill Flores,M,rep,TX,17,,Republican,2228 Rayburn House Office Building Washington DC 20515-4317,202-225-6105,
Jeff Fortenberry,M,rep,NE,1,,Republican,1514 Longworth House Office Building Washington DC 20515-2701,202-225-4806,
Virginia Foxx,F,rep,NC,5,,Republican,2462 Rayburn House Office Building Washington DC 20515-3305,202-225-2071,
Marcia L. Fudge,F,rep,OH,11,,Democrat,2344 Rayburn House Office Building Washington DC 20515-3511,202-225-7032,
John Garamendi,M,rep,CA,3,,Democrat,2368 Rayburn House Office Building Washington DC 20515-0503,202-225-1880,
Cory Gardner,M,sen,CO,,2,Republican,354 Russell Senate Office Building Washington DC 20510,202-224-5941,https://www.gardner.senate.gov/contact-cory/email-cory
Bob Gibbs,M,rep,OH,7,,Republican,2446 Rayburn House Office Building Washington DC 20515-3507,202-225-6265,
Louie Gohmert,M,rep,TX,1,,Republican,2267 Rayburn House Office Building Washington DC 20515-4301,202-225-3035,
Paul A. Gosar,M,rep,AZ,4,,Republican,2057 Rayburn House Office Building Washington DC 20515-0304,202-225-2315,
Kay Granger,F,rep,TX,12,,Republican,1026 Longworth House Office Building Washington DC 20515-4312,202-225-5071,
Chuck Grassley,M,sen,IA,,3,Republican,135 Hart Senate Office Building Washington DC 20510,202-224-3744,http://www.grassley.senate.gov/contact
Sam Graves,M,rep,MO,6,,Republican,1135 Longworth House Office Building Washington DC 20515-2506,202-225-7041,
Al Green,M,rep,TX,9,,Democrat,2347 Rayburn House Office Building Washington DC 20515-4309,202-225-7508,
H. Morgan Griffith,M,rep,VA,9,,Republican,2202 Rayburn House Office Building Washington DC 20515-4609,202-225-3861,
RaÃºl M. Grijalva,M,rep,AZ,3,,Democrat,1511 Longworth House Office Building Washington DC 20515-0303,202-225-2435,
Brett Guthrie,M,rep,KY,2,,Republican,2434 Rayburn House Office Building Washington DC 20515-1702,202-225-3501,
Andy Harris,M,rep,MD,1,,Republican,2334 Rayburn House Office Building Washington DC 20515-2001,202-225-5311,
Vicky Hartzler,F,rep,MO,4,,Republican,2235 Rayburn House Office Building Washington DC 20515-2504,202-225-2876,
Alcee L. Hastings,M,rep,FL,20,,Democrat,2353 Rayburn House Office Building Washington DC 20515-0920,202-225-1313,
Martin Heinrich,M,sen,NM,,1,Democrat,303 Hart Senate Office Building Washington DC 20510,202-224-5521,http://www.heinrich.senate.gov/contact
Jaime Herrera Beutler,F,rep,WA,3,,Republican,2352 Rayburn House Office Building Washington DC 20515-4703,202-225-3536,
Brian Higgins,M,rep,NY,26,,Democrat,2459 Rayburn House Office Building Washington DC 20515-3226,202-225-3306,
James A. Himes,M,rep,CT,4,,Democrat,1227 Longworth House Office Building Washington DC 20515-0704,202-225-5541,
Mazie K. Hirono,F,sen,HI,,1,Democrat,713 Hart Senate Office Building Washington DC 20510,202-224-6361,https://www.hirono.senate.gov/contact
John Hoeven,M,sen,ND,,3,Republican,338 Russell Senate Office Building Washington DC 20510,202-224-2551,http://www.hoeven.senate.gov/public/index.cfm/email-the-senator
Steny H. Hoyer,M,rep,MD,5,,Democrat,1705 Longworth House Office Building Washington DC 20515-2005,202-225-4131,
Bill Huizenga,M,rep,MI,2,,Republican,2232 Rayburn House Office Building Washington DC 20515-2202,202-225-4401,
Sheila Jackson Lee,F,rep,TX,18,,Democrat,2079 Rayburn House Office Building Washington DC 20515-4318,202-225-3816,
Bill Johnson,M,rep,OH,6,,Republican,2336 Rayburn House Office Building Washington DC 20515-3506,202-225-5705,
Eddie Bernice Johnson,F,rep,TX,30,,Democrat,2306 Rayburn House Office Building Washington DC 20515-4330,202-225-8885,
"Henry C. ""Hank"" Johnson, Jr.",M,rep,GA,4,,Democrat,2240 Rayburn House Office Building Washington DC 20515-1004,202-225-1605,
Ron Johnson,M,sen,WI,,3,Republican,328 Hart Senate Office Building Washington DC 20510,202-224-5323,https://www.ronjohnson.senate.gov/public/index.cfm/email-the-senator
Jim Jordan,M,rep,OH,4,,Republican,2056 Rayburn House Office Building Washington DC 20515-3504,202-225-2676,
Marcy Kaptur,F,rep,OH,9,,Democrat,2186 Rayburn House Office Building Washington DC 20515-3509,202-225-4146,
William R. Keating,M,rep,MA,9,,Democrat,2351 Rayburn House Office Building Washington DC 20515-2109,202-225-3111,
Mike Kelly,M,rep,PA,16,,Republican,1707 Longworth House Office Building Washington DC 20515-3816,202-225-5406,
Ron Kind,M,rep,WI,3,,Democrat,1502 Longworth House Office Building Washington DC 20515-4903,202-225-5506,
Peter T. King,M,rep,NY,2,,Republican,302 Cannon House Office Building Washington DC 20515-3202,202-225-7896,
Steve King,M,rep,IA,4,,Republican,2210 Rayburn House Office Building Washington DC 20515-1504,202-225-4426,
Adam Kinzinger,M,rep,IL,16,,Republican,2245 Rayburn House Office Building Washington DC 20515-1316,202-225-3635,
Doug Lamborn,M,rep,CO,5,,Republican,2371 Rayburn House Office Building Washington DC 20515-0605,202-225-4422,
James R. Langevin,M,rep,RI,2,,Democrat,2077 Rayburn House Office Building Washington DC 20515-3902,202-225-2735,
James Lankford,M,sen,OK,,3,Republican,316 Hart Senate Office Building Washington DC 20510,202-224-5754,http://www.lankford.senate.gov/contact/email
Rick Larsen,M,rep,WA,2,,Democrat,2113 Rayburn House Office Building Washington DC 20515-4702,202-225-2605,
John B. Larson,M,rep,CT,1,,Democrat,1501 Longworth House Office Building Washington DC 20515-0701,202-225-2265,
Robert E. Latta,M,rep,OH,5,,Republican,2467 Rayburn House Office Building Washington DC 20515-3505,202-225-6405,
Patrick J. Leahy,M,sen,VT,,3,Democrat,437 Russell Senate Office Building Washington DC 20510,202-224-4242,https://www.leahy.senate.gov/contact/
Barbara Lee,F,rep,CA,13,,Democrat,2470 Rayburn House Office Building Washington DC 20515-0513,202-225-2661,
Mike Lee,M,sen,UT,,3,Republican,361A Russell Senate Office Building Washington DC 20510,202-224-5444,https://www.lee.senate.gov/public/index.cfm/contact
Daniel Lipinski,M,rep,IL,3,,Democrat,2346 Rayburn House Office Building Washington DC 20515-1303,202-225-5701,
David Loebsack,M,rep,IA,2,,Democrat,1211 Longworth House Office Building Washington DC 20515-1502,202-225-6576,
Zoe Lofgren,F,rep,CA,19,,Democrat,1401 Longworth House Office Building Washington DC 20515-0519,202-225-3072,
Billy Long,M,rep,MO,7,,Republican,2454 Rayburn House Office Building Washington DC 20515-2507,202-225-6536,
Nita M. Lowey,F,rep,NY,17,,Democrat,2365 Rayburn House Office Building Washington DC 20515-3217,202-225-6506,
Frank D. Lucas,M,rep,OK,3,,Republican,2405 Rayburn House Office Building Washington DC 20515-3603,202-225-5565,
Blaine Luetkemeyer,M,rep,MO,3,,Republican,2230 Rayburn House Office Building Washington DC 20515-2503,202-225-2956,
Ben Ray LujÃ¡n,M,rep,NM,3,,Democrat,2323 Rayburn House Office Building Washington DC 20515-3103,202-225-6190,
Stephen F. Lynch,M,rep,MA,8,,Democrat,2109 Rayburn House Office Building Washington DC 20515-2108,202-225-8273,
Carolyn B. Maloney,F,rep,NY,12,,Democrat,2308 Rayburn House Office Building Washington DC 20515-3212,202-225-7944,
Kenny Marchant,M,rep,TX,24,,Republican,2304 Rayburn House Office Building Washington DC 20515-4324,202-225-6605,
Edward J. Markey,M,sen,MA,,2,Democrat,255 Dirksen Senate Office Building Washington DC 20510,202-224-2742,https://www.markey.senate.gov/contact
Doris O. Matsui,F,rep,CA,6,,Democrat,2311 Rayburn House Office Building Washington DC 20515-0506,202-225-7163,
Kevin McCarthy,M,rep,CA,23,,Republican,2468 Rayburn House Office Building Washington DC 20515-0523,202-225-2915,
Michael T. McCaul,M,rep,TX,10,,Republican,2001 Rayburn House Office Building Washington DC 20515-4310,202-225-2401,
Tom McClintock,M,rep,CA,4,,Republican,2312 Rayburn House Office Building Washington DC 20515-0504,202-225-2511,
Betty McCollum,F,rep,MN,4,,Democrat,2256 Rayburn House Office Building Washington DC 20515-2304,202-225-6631,
James P. McGovern,M,rep,MA,2,,Democrat,408 Cannon House Office Building Washington DC 20515-2102,202-225-6101,
Patrick T. McHenry,M,rep,NC,10,,Republican,2004 Rayburn House Office Building Washington DC 20515-3310,202-225-2576,
David B. McKinley,M,rep,WV,1,,Republican,2239 Rayburn House Office Building Washington DC 20515-4801,202-225-4172,
Cathy McMorris Rodgers,F,rep,WA,5,,Republican,1035 Longworth House Office Building Washington DC 20515-4705,202-225-2006,
Jerry McNerney,M,rep,CA,9,,Democrat,2265 Rayburn House Office Building Washington DC 20515-0509,202-225-1947,
Gregory W. Meeks,M,rep,NY,5,,Democrat,2310 Rayburn House Office Building Washington DC 20515-3205,202-225-3461,
Gwen Moore,F,rep,WI,4,,Democrat,2252 Rayburn House Office Building Washington DC 20515-4904,202-225-4572,
Jerry Moran,M,sen,KS,,3,Republican,521 Dirksen Senate Office Building Washington DC 20510,202-224-6521,https://www.moran.senate.gov/public/index.cfm/e-mail-jerry
Lisa Murkowski,F,sen,AK,,3,Republican,522 Hart Senate Office Building Washington DC 20510,202-224-6665,https://www.murkowski.senate.gov/public/index.cfm/contact
Christopher Murphy,M,sen,CT,,1,Democrat,136 Hart Senate Office Building Washington DC 20510,202-224-4041,http://www.murphy.senate.gov/contact
Patty Murray,F,sen,WA,,3,Democrat,154 Russell Senate Office Building Washington DC 20510,202-224-2621,http://www.murray.senate.gov/public/index.cfm/contactme
Jerrold Nadler,M,rep,NY,10,,Democrat,2132 Rayburn House Office Building Washington DC 20515-3210,202-225-5635,
Grace F. Napolitano,F,rep,CA,32,,Democrat,1610 Longworth House Office Building Washington DC 20515-0532,202-225-5256,
Richard E. Neal,M,rep,MA,1,,Democrat,2309 Rayburn House Office Building Washington DC 20515-2101,202-225-5601,
Eleanor Holmes Norton,F,rep,DC,0,,Democrat,2136 Rayburn House Office Building Washington DC 20515-5101,202-225-8050,
Devin Nunes,M,rep,CA,22,,Republican,1013 Longworth House Office Building Washington DC 20515-0522,202-225-2523,
Pete Olson,M,rep,TX,22,,Republican,2133 Rayburn House Office Building Washington DC 20515-4322,202-225-5951,
Steven M. Palazzo,M,rep,MS,4,,Republican,2349 Rayburn House Office Building Washington DC 20515-2404,202-225-5772,
"Frank Pallone, Jr.",M,rep,NJ,6,,Democrat,2107 Rayburn House Office Building Washington DC 20515-3006,202-225-4671,
"Bill Pascrell, Jr.",M,rep,NJ,9,,Democrat,2409 Rayburn House Office Building Washington DC 20515-3009,202-225-5751,
Rand Paul,M,sen,KY,,3,Republican,167 Russell Senate Office Building Washington DC 20510,202-224-4343,https://www.paul.senate.gov/connect/email-rand
Nancy Pelosi,F,rep,CA,12,,Democrat,1236 Longworth House Office Building Washington DC 20515-0512,202-225-4965,
Ed Perlmutter,M,rep,CO,7,,Democrat,1226 Longworth House Office Building Washington DC 20515-0607,202-225-2645,
Gary C. Peters,M,sen,MI,,2,Democrat,724 Hart Senate Office Building Washington DC 20510,202-224-6221,https://www.peters.senate.gov/contact/email-gary
Collin C. Peterson,M,rep,MN,7,,Democrat,2204 Rayburn House Office Building Washington DC 20515-2307,202-225-2165,
Chellie Pingree,F,rep,ME,1,,Democrat,2162 Rayburn House Office Building Washington DC 20515-1901,202-225-6116,
Rob Portman,M,sen,OH,,3,Republican,448 Russell Senate Office Building Washington DC 20510,202-224-3353,https://www.portman.senate.gov/public/index.cfm/contact?p=contact-form
Bill Posey,M,rep,FL,8,,Republican,2150 Rayburn House Office Building Washington DC 20515-0908,202-225-3671,
David E. Price,M,rep,NC,4,,Democrat,2108 Rayburn House Office Building Washington DC 20515-3304,202-225-1784,
Mike Quigley,M,rep,IL,5,,Democrat,2458 Rayburn House Office Building Washington DC 20515-1305,202-225-4061,
Tom Reed,M,rep,NY,23,,Republican,2263 Rayburn House Office Building Washington DC 20515-3223,202-225-3161,
Cedric L. Richmond,M,rep,LA,2,,Democrat,506 Cannon House Office Building Washington DC 20515-1802,202-225-6636,
Martha Roby,F,rep,AL,2,,Republican,504 Cannon House Office Building Washington DC 20515-0102,202-225-2901,
David P. Roe,M,rep,TN,1,,Republican,102 Cannon House Office Building Washington DC 20515-4201,202-225-6356,
Harold Rogers,M,rep,KY,5,,Republican,2406 Rayburn House Office Building Washington DC 20515-1705,202-225-4601,
Mike Rogers,M,rep,AL,3,,Republican,2184 Rayburn House Office Building Washington DC 20515-0103,202-225-3261,
Lucille Roybal-Allard,F,rep,CA,40,,Democrat,2083 Rayburn House Office Building Washington DC 20515-0540,202-225-1766,
Marco Rubio,M,sen,FL,,3,Republican,284 Russell Senate Office Building Washington DC 20510,202-224-3041,http://www.rubio.senate.gov/public/index.cfm/contact
C. A. Dutch Ruppersberger,M,rep,MD,2,,Democrat,2206 Rayburn House Office Building Washington DC 20515-2002,202-225-3061,
Bobby L. Rush,M,rep,IL,1,,Democrat,2188 Rayburn House Office Building Washington DC 20515-1301,202-225-4372,
Tim Ryan,M,rep,OH,13,,Democrat,1126 Longworth House Office Building Washington DC 20515-3513,202-225-5261,
Gregorio Kilili Camacho Sablan,M,rep,MP,0,,Democrat,2411 Rayburn House Office Building Washington DC 20515-5201,202-225-2646,
John P. Sarbanes,M,rep,MD,3,,Democrat,2370 Rayburn House Office Building Washington DC 20515-2003,202-225-4016,
Steve Scalise,M,rep,LA,1,,Republican,2049 Rayburn House Office Building Washington DC 20515-1801,202-225-3015,
Janice D. Schakowsky,F,rep,IL,9,,Democrat,2367 Rayburn House Office Building Washington DC 20515-1309,202-225-2111,
Adam B. Schiff,M,rep,CA,28,,Democrat,2269 Rayburn House Office Building Washington DC 20515-0528,202-225-4176,
Kurt Schrader,M,rep,OR,5,,Democrat,2431 Rayburn House Office Building Washington DC 20515-3705,202-225-5711,
Charles E. Schumer,M,sen,NY,,3,Democrat,322 Hart Senate Office Building Washington DC 20510,202-224-6542,https://www.schumer.senate.gov/contact/email-chuck
David Schweikert,M,rep,AZ,6,,Republican,1526 Longworth House Office Building Washington DC 20515-0306,202-225-2190,
Austin Scott,M,rep,GA,8,,Republican,2417 Rayburn House Office Building Washington DC 20515-1008,202-225-6531,
David Scott,M,rep,GA,13,,Democrat,225 Cannon House Office Building Washington DC 20515-1013,202-225-2939,
"Robert C. ""Bobby"" Scott",M,rep,VA,3,,Democrat,1201 Longworth House Office Building Washington DC 20515-4603,202-225-8351,
Tim Scott,M,sen,SC,,3,Republican,104 Hart Senate Office Building Washington DC 20510,202-224-6121,https://www.scott.senate.gov/contact/email-me
"F. James Sensenbrenner, Jr.",M,rep,WI,5,,Republican,2449 Rayburn House Office Building Washington DC 20515-4905,202-225-5101,
JosÃ© E. Serrano,M,rep,NY,15,,Democrat,2354 Rayburn House Office Building Washington DC 20515-3215,202-225-4361,
Terri A. Sewell,F,rep,AL,7,,Democrat,2201 Rayburn House Office Building Washington DC 20515-0107,202-225-2665,
Richard C. Shelby,M,sen,AL,,3,Republican,304 Russell Senate Office Building Washington DC 20510,202-224-5744,https://www.shelby.senate.gov/public/index.cfm/emailsenatorshelby
Brad Sherman,M,rep,CA,30,,Democrat,2181 Rayburn House Office Building Washington DC 20515-0530,202-225-5911,
John Shimkus,M,rep,IL,15,,Republican,2217 Rayburn House Office Building Washington DC 20515-1315,202-225-5271,
Michael K. Simpson,M,rep,ID,2,,Republican,2084 Rayburn House Office Building Washington DC 20515-1202,202-225-5531,
Albio Sires,M,rep,NJ,8,,Democrat,2268 Rayburn House Office Building Washington DC 20515-3008,202-225-7919,
Adam Smith,M,rep,WA,9,,Democrat,2264 Rayburn House Office Building Washington DC 20515-4709,202-225-8901,
Adrian Smith,M,rep,NE,3,,Republican,502 Cannon House Office Building Washington DC 20515-2703,202-225-6435,
Christopher H. Smith,M,rep,NJ,4,,Republican,2373 Rayburn House Office Building Washington DC 20515-3004,202-225-3765,
Jackie Speier,F,rep,CA,14,,Democrat,2465 Rayburn House Office Building Washington DC 20515-0514,202-225-3531,
Steve Stivers,M,rep,OH,15,,Republican,2234 Rayburn House Office Building Washington DC 20515-3515,202-225-2015,
Linda T. SÃ¡nchez,F,rep,CA,38,,Democrat,2329 Rayburn House Office Building Washington DC 20515-0538,202-225-6676,
Bennie G. Thompson,M,rep,MS,2,,Democrat,2466 Rayburn House Office Building Washington DC 20515-2402,202-225-5876,
Mike Thompson,M,rep,CA,5,,Democrat,406 Cannon House Office Building Washington DC 20515-0505,202-225-3311,
Glenn Thompson,M,rep,PA,15,,Republican,400 Cannon House Office Building Washington DC 20515-3815,202-225-5121,
Mac Thornberry,M,rep,TX,13,,Republican,2208 Rayburn House Office Building Washington DC 20515-4313,202-225-3706,
John Thune,M,sen,SD,,3,Republican,511 Dirksen Senate Office Building Washington DC 20510,202-224-2321,http://www.thune.senate.gov/public/index.cfm/contact
Scott R. Tipton,M,rep,CO,3,,Republican,218 Cannon House Office Building Washington DC 20515-0603,202-225-4761,
Paul Tonko,M,rep,NY,20,,Democrat,2369 Rayburn House Office Building Washington DC 20515-3220,202-225-5076,
Patrick J. Toomey,M,sen,PA,,3,Republican,248 Russell Senate Office Building Washington DC 20510,202-224-4254,https://www.toomey.senate.gov/?p=contact
Michael R. Turner,M,rep,OH,10,,Republican,2082 Rayburn House Office Building Washington DC 20515-3510,202-225-6465,
Fred Upton,M,rep,MI,6,,Republican,2183 Rayburn House Office Building Washington DC 20515-2206,202-225-3761,
Chris Van Hollen,M,sen,MD,,3,Democrat,110 Hart Senate Office Building Washington DC 20510,202-224-4654,http://www.vanhollen.senate.gov/contact/email
Nydia M. VelÃ¡zquez,F,rep,NY,7,,Democrat,2302 Rayburn House Office Building Washington DC 20515-3207,202-225-2361,
Peter J. Visclosky,M,rep,IN,1,,Democrat,2328 Rayburn House Office Building Washington DC 20515-1401,202-225-2461,
Tim Walberg,M,rep,MI,7,,Republican,2266 Rayburn House Office Building Washington DC 20515-2207,202-225-6276,
Greg Walden,M,rep,OR,2,,Republican,2185 Rayburn House Office Building Washington DC 20515-3702,202-225-6730,
Debbie Wasserman Schultz,F,rep,FL,23,,Democrat,1114 Longworth House Office Building Washington DC 20515-0923,202-225-7931,
Maxine Waters,F,rep,CA,43,,Democrat,2221 Rayburn House Office Building Washington DC 20515-0543,202-225-2201,
Daniel Webster,M,rep,FL,11,,Republican,1210 Longworth House Office Building Washington DC 20515-0911,202-225-1002,
Peter Welch,M,rep,VT,0,,Democrat,2187 Rayburn House Office Building Washington DC 20515-4500,202-225-4115,
Joe Wilson,M,rep,SC,2,,Republican,1436 Longworth House Office Building Washington DC 20515-4002,202-225-2452,
Frederica S. Wilson,F,rep,FL,24,,Democrat,2445 Rayburn House Office Building Washington DC 20515-0924,202-225-4506,
Robert J. Wittman,M,rep,VA,1,,Republican,2055 Rayburn House Office Building Washington DC 20515-4601,202-225-4261,
Steve Womack,M,rep,AR,3,,Republican,2412 Rayburn House Office Building Washington DC 20515-0403,202-225-4301,
Rob Woodall,M,rep,GA,7,,Republican,1724 Longworth House Office Building Washington DC 20515-1007,202-225-4272,
Ron Wyden,M,sen,OR,,3,Democrat,221 Dirksen Senate Office Building Washington DC 20510,202-224-5244,https://www.wyden.senate.gov/contact/
John A. Yarmuth,M,rep,KY,3,,Democrat,402 Cannon House Office Building Washington DC 20515-1703,202-225-5401,
Don Young,M,rep,AK,0,,Republican,2314 Rayburn House Office Building Washington DC 20515-0200,202-225-5765,
Todd Young,M,sen,IN,,3,Republican,185 Dirksen Senate Office Building Washington DC 20510,202-224-5623,https://www.young.senate.gov/contact
Mark E. Amodei,M,rep,NV,2,,Republican,104 Cannon House Office Building Washington DC 20515-2802,202-225-6155,
Suzanne Bonamici,F,rep,OR,1,,Democrat,2231 Rayburn House Office Building Washington DC 20515-3701,202-225-0855,
Suzan K. DelBene,F,rep,WA,1,,Democrat,2330 Rayburn House Office Building Washington DC 20515-4701,202-225-6311,
Thomas Massie,M,rep,KY,4,,Republican,2453 Rayburn House Office Building Washington DC 20515-1704,202-225-3465,
"Donald M. Payne, Jr.",M,rep,NJ,10,,Democrat,103 Cannon House Office Building Washington DC 20515-3010,202-225-3436,
Brian Schatz,M,sen,HI,,3,Democrat,722 Hart Senate Office Building Washington DC 20510,202-224-3934,https://www.schatz.senate.gov/contact
Bill Foster,M,rep,IL,11,,Democrat,2366 Rayburn House Office Building Washington DC 20515-1311,202-225-3515,
Dina Titus,F,rep,NV,1,,Democrat,2464 Rayburn House Office Building Washington DC 20515-2801,202-225-5965,
Tom Cotton,M,sen,AR,,2,Republican,326 Russell Senate Office Building Washington DC 20510,202-224-2353,http://www.cotton.senate.gov/?p=contact
Kyrsten Sinema,F,sen,AZ,,1,Democrat,317 Hart Senate Office Building Washington DC 20510,202-224-4521,https://www.sinema.senate.gov/contact-kyrsten
Doug LaMalfa,M,rep,CA,1,,Republican,322 Cannon House Office Building Washington DC 20515-0501,202-225-3076,
Jared Huffman,M,rep,CA,2,,Democrat,1527 Longworth House Office Building Washington DC 20515-0502,202-225-5161,
Ami Bera,M,rep,CA,7,,Democrat,1727 Longworth House Office Building Washington DC 20515-0507,202-225-5716,
Paul Cook,M,rep,CA,8,,Republican,1027 Longworth House Office Building Washington DC 20515-0508,202-225-5861,
Eric Swalwell,M,rep,CA,15,,Democrat,407 Cannon House Office Building Washington DC 20515-0515,202-225-5065,
Julia Brownley,F,rep,CA,26,,Democrat,2262 Rayburn House Office Building Washington DC 20515-0526,202-225-5811,
Tony CÃ¡rdenas,M,rep,CA,29,,Democrat,2438 Rayburn House Office Building Washington DC 20515-0529,202-225-6131,
Raul Ruiz,M,rep,CA,36,,Democrat,2342 Rayburn House Office Building Washington DC 20515-0536,202-225-5330,
Mark Takano,M,rep,CA,41,,Democrat,420 Cannon House Office Building Washington DC 20515-0541,202-225-2305,
Alan S. Lowenthal,M,rep,CA,47,,Democrat,108 Cannon House Office Building Washington DC 20515-0547,202-225-7924,
Juan Vargas,M,rep,CA,51,,Democrat,2244 Rayburn House Office Building Washington DC 20515-0551,202-225-8045,
Scott H. Peters,M,rep,CA,52,,Democrat,2338 Rayburn House Office Building Washington DC 20515-0552,202-225-0508,
Ted S. Yoho,M,rep,FL,3,,Republican,1730 Longworth House Office Building Washington DC 20515-0903,202-225-5744,
Lois Frankel,F,rep,FL,21,,Democrat,2305 Rayburn House Office Building Washington DC 20515-0921,202-225-9890,
Doug Collins,M,rep,GA,9,,Republican,1504 Longworth House Office Building Washington DC 20515-1009,202-225-9893,
Tulsi Gabbard,F,rep,HI,2,,Democrat,1433 Longworth House Office Building Washington DC 20515-1102,202-225-4906,
Tammy Duckworth,F,sen,IL,,3,Democrat,524 Hart Senate Office Building Washington DC 20510,202-224-2854,https://www.duckworth.senate.gov/content/contact-senator
Rodney Davis,M,rep,IL,13,,Republican,1740 Longworth House Office Building Washington DC 20515-1313,202-225-2371,
Cheri Bustos,F,rep,IL,17,,Democrat,1233 Longworth House Office Building Washington DC 20515-1317,202-225-5905,
Jackie Walorski,F,rep,IN,2,,Republican,419 Cannon House Office Building Washington DC 20515-1402,202-225-3915,
Susan W. Brooks,F,rep,IN,5,,Republican,2211 Rayburn House Office Building Washington DC 20515-1405,202-225-2276,
Andy Barr,M,rep,KY,6,,Republican,2430 Rayburn House Office Building Washington DC 20515-1706,202-225-4706,
Elizabeth Warren,F,sen,MA,,1,Democrat,309 Hart Senate Office Building Washington DC 20510,202-224-4543,https://www.warren.senate.gov/?p=email_senator
Joseph P. Kennedy III,M,rep,MA,4,,Democrat,304 Cannon House Office Building Washington DC 20515-2104,202-225-5931,
"Angus S. King, Jr.",M,sen,ME,,1,Independent,133 Hart Senate Office Building Washington DC 20510,202-224-5344,https://www.king.senate.gov/contact
Daniel T. Kildee,M,rep,MI,5,,Democrat,203 Cannon House Office Building Washington DC 20515-2205,202-225-3611,
Ann Wagner,F,rep,MO,2,,Republican,2350 Rayburn House Office Building Washington DC 20515-2502,202-225-1621,
Steve Daines,M,sen,MT,,2,Republican,320 Hart Senate Office Building Washington DC 20510,202-224-2651,https://www.daines.senate.gov/connect/email-steve
Richard Hudson,M,rep,NC,8,,Republican,2112 Rayburn House Office Building Washington DC 20515-3308,202-225-3715,
George Holding,M,rep,NC,2,,Republican,1110 Longworth House Office Building Washington DC 20515-3302,202-225-3032,
Kevin Cramer,M,sen,ND,,1,Republican,400 Russell Senate Office Building Washington DC 20510,202-224-2043,https://www.cramer.senate.gov/contact_kevin
Deb Fischer,F,sen,NE,,1,Republican,454 Russell Senate Office Building Washington DC 20510,202-224-6551,http://www.fischer.senate.gov/public/index.cfm/contact
Ann M. Kuster,F,rep,NH,2,,Democrat,320 Cannon House Office Building Washington DC 20515-2902,202-225-5206,
Grace Meng,F,rep,NY,6,,Democrat,2209 Rayburn House Office Building Washington DC 20515-3206,202-225-2601,
Hakeem S. Jeffries,M,rep,NY,8,,Democrat,2433 Rayburn House Office Building Washington DC 20515-3208,202-225-5936,
Sean Patrick Maloney,M,rep,NY,18,,Democrat,2331 Rayburn House Office Building Washington DC 20515-3218,202-225-5441,
Brad R. Wenstrup,M,rep,OH,2,,Republican,2419 Rayburn House Office Building Washington DC 20515-3502,202-225-3164,
Joyce Beatty,F,rep,OH,3,,Democrat,2303 Rayburn House Office Building Washington DC 20515-3503,202-225-4324,
David P. Joyce,M,rep,OH,14,,Republican,1124 Longworth House Office Building Washington DC 20515-3514,202-225-5731,
Markwayne Mullin,M,rep,OK,2,,Republican,2421 Rayburn House Office Building Washington DC 20515-3602,202-225-2701,
Scott Perry,M,rep,PA,10,,Republican,1207 Longworth House Office Building Washington DC 20515-3810,202-225-5836,
Matt Cartwright,M,rep,PA,8,,Democrat,1034 Longworth House Office Building Washington DC 20515-3808,202-225-5546,
Tom Rice,M,rep,SC,7,,Republican,512 Cannon House Office Building Washington DC 20515-4007,202-225-9895,
Ted Cruz,M,sen,TX,,1,Republican,127A Russell Senate Office Building Washington DC 20510,202-224-5922,https://www.cruz.senate.gov/?p=form&id=16
"Randy K. Weber, Sr.",M,rep,TX,14,,Republican,107 Cannon House Office Building Washington DC 20515-4314,202-225-2831,
Joaquin Castro,M,rep,TX,20,,Democrat,2241 Rayburn House Office Building Washington DC 20515-4320,202-225-3236,
Roger Williams,M,rep,TX,25,,Republican,1708 Longworth House Office Building Washington DC 20515-4325,202-225-9896,
Marc A. Veasey,M,rep,TX,33,,Democrat,2348 Rayburn House Office Building Washington DC 20515-4333,202-225-9897,
Filemon Vela,M,rep,TX,34,,Democrat,307 Cannon House Office Building Washington DC 20515-4334,202-225-9901,
Chris Stewart,M,rep,UT,2,,Republican,2242 Rayburn House Office Building Washington DC 20515-4402,202-225-9730,
Tim Kaine,M,sen,VA,,1,Democrat,231 Russell Senate Office Building Washington DC 20510,202-224-4024,https://www.kaine.senate.gov/contact
Derek Kilmer,M,rep,WA,6,,Democrat,1410 Longworth House Office Building Washington DC 20515-4706,202-225-5916,
Denny Heck,M,rep,WA,10,,Democrat,2452 Rayburn House Office Building Washington DC 20515-4710,202-225-9740,
Mark Pocan,M,rep,WI,2,,Democrat,1421 Longworth House Office Building Washington DC 20515-4902,202-225-2906,
Robin L. Kelly,F,rep,IL,2,,Democrat,2416 Rayburn House Office Building Washington DC 20515-1302,202-225-0773,
Jason Smith,M,rep,MO,8,,Republican,2418 Rayburn House Office Building Washington DC 20515-2508,202-225-4404,
Cory A. Booker,M,sen,NJ,,2,Democrat,717 Hart Senate Office Building Washington DC 20510,202-224-3224,https://www.booker.senate.gov/?p=contact
Katherine M. Clark,F,rep,MA,5,,Democrat,2448 Rayburn House Office Building Washington DC 20515-2105,202-225-2836,
Bradley Byrne,M,rep,AL,1,,Republican,119 Cannon House Office Building Washington DC 20515-0101,202-225-4931,
Donald Norcross,M,rep,NJ,1,,Democrat,2437 Rayburn House Office Building Washington DC 20515-3001,202-225-6501,
Alma S. Adams,F,rep,NC,12,,Democrat,2436 Rayburn House Office Building Washington DC 20515-3312,202-225-1510,
Gary J. Palmer,M,rep,AL,6,,Republican,207 Cannon House Office Building Washington DC 20515-0106,202-225-4921,
J. French Hill,M,rep,AR,2,,Republican,1533 Longworth House Office Building Washington DC 20515-0402,202-225-2506,
Bruce Westerman,M,rep,AR,4,,Republican,209 Cannon House Office Building Washington DC 20515-0404,202-225-3772,
Ruben Gallego,M,rep,AZ,7,,Democrat,1131 Longworth House Office Building Washington DC 20515-0307,202-225-4065,
Mark DeSaulnier,M,rep,CA,11,,Democrat,503 Cannon House Office Building Washington DC 20515-0511,202-225-2095,
Pete Aguilar,M,rep,CA,31,,Democrat,109 Cannon House Office Building Washington DC 20515-0531,202-225-3201,
Ted Lieu,M,rep,CA,33,,Democrat,403 Cannon House Office Building Washington DC 20515-0533,202-225-3976,
Norma J. Torres,F,rep,CA,35,,Democrat,2444 Rayburn House Office Building Washington DC 20515-0535,202-225-6161,
Ken Buck,M,rep,CO,4,,Republican,2455 Rayburn House Office Building Washington DC 20515-0604,202-225-4676,
"Earl L. ""Buddy"" Carter",M,rep,GA,1,,Republican,2432 Rayburn House Office Building Washington DC 20515-1001,202-225-5831,
Jody B. Hice,M,rep,GA,10,,Republican,409 Cannon House Office Building Washington DC 20515-1010,202-225-4101,
Barry Loudermilk,M,rep,GA,11,,Republican,422 Cannon House Office Building Washington DC 20515-1011,202-225-2931,
Rick W. Allen,M,rep,GA,12,,Republican,2400 Rayburn House Office Building Washington DC 20515-1012,202-225-2823,
Mike Bost,M,rep,IL,12,,Republican,1440 Longworth House Office Building Washington DC 20515-1312,202-225-5661,
Ralph Lee Abraham,M,rep,LA,5,,Republican,417 Cannon House Office Building Washington DC 20515-1805,202-225-8490,
Garret Graves,M,rep,LA,6,,Republican,2402 Rayburn House Office Building Washington DC 20515-1806,202-225-3901,
Seth Moulton,M,rep,MA,6,,Democrat,1127 Longworth House Office Building Washington DC 20515-2106,202-225-8020,
John R. Moolenaar,M,rep,MI,4,,Republican,117 Cannon House Office Building Washington DC 20515-2204,202-225-3561,
Debbie Dingell,F,rep,MI,12,,Democrat,116 Cannon House Office Building Washington DC 20515-2212,202-225-4071,
Brenda L. Lawrence,F,rep,MI,14,,Democrat,2463 Rayburn House Office Building Washington DC 20515-2214,202-225-5802,
Tom Emmer,M,rep,MN,6,,Republican,315 Cannon House Office Building Washington DC 20515-2306,202-225-2331,
David Rouzer,M,rep,NC,7,,Republican,2439 Rayburn House Office Building Washington DC 20515-3307,202-225-2731,
Bonnie Watson Coleman,F,rep,NJ,12,,Democrat,2442 Rayburn House Office Building Washington DC 20515-3012,202-225-5801,
Lee M. Zeldin,M,rep,NY,1,,Republican,2441 Rayburn House Office Building Washington DC 20515-3201,202-225-3826,
Kathleen M. Rice,F,rep,NY,4,,Democrat,2435 Rayburn House Office Building Washington DC 20515-3204,202-225-5516,
Elise M. Stefanik,F,rep,NY,21,,Republican,318 Cannon House Office Building Washington DC 20515-3221,202-225-4611,
John Katko,M,rep,NY,24,,Republican,2457 Rayburn House Office Building Washington DC 20515-3224,202-225-3701,
Brendan F. Boyle,M,rep,PA,2,,Democrat,1133 Longworth House Office Building Washington DC 20515-3802,202-225-6111,
Will Hurd,M,rep,TX,23,,Republican,317 Cannon House Office Building Washington DC 20515-4323,202-225-4511,
Brian Babin,M,rep,TX,36,,Republican,2236 Rayburn House Office Building Washington DC 20515-4336,202-225-1555,
"Donald S. Beyer, Jr.",M,rep,VA,8,,Democrat,1119 Longworth House Office Building Washington DC 20515-4608,202-225-4376,
Stacey E. Plaskett,F,rep,VI,0,,Democrat,2404 Rayburn House Office Building Washington DC 20515-5500,202-225-1790,
Dan Newhouse,M,rep,WA,4,,Republican,1414 Longworth House Office Building Washington DC 20515-4704,202-225-5816,
Glenn Grothman,M,rep,WI,6,,Republican,1427 Longworth House Office Building Washington DC 20515-4906,202-225-2476,
Alexander X. Mooney,M,rep,WV,2,,Republican,2440 Rayburn House Office Building Washington DC 20515-4802,202-225-2711,
Aumua Amata Coleman Radewagen,F,rep,AS,0,,Republican,1339 Longworth House Office Building Washington DC 20515-5200,202-225-8577,
Dan Sullivan,M,sen,AK,,2,Republican,302 Hart Senate Office Building Washington DC 20510,202-224-3004,https://www.sullivan.senate.gov/contact/email
David Perdue,M,sen,GA,,2,Republican,455 Russell Senate Office Building Washington DC 20510,202-224-3521,https://www.perdue.senate.gov/connect/email
Joni Ernst,F,sen,IA,,2,Republican,730 Hart Senate Office Building Washington DC 20510,202-224-3254,https://www.ernst.senate.gov/public/index.cfm/contact
Thom Tillis,M,sen,NC,,2,Republican,113 Dirksen Senate Office Building Washington DC 20510,202-224-6342,https://www.tillis.senate.gov/public/index.cfm/email-me
Mike Rounds,M,sen,SD,,2,Republican,502 Hart Senate Office Building Washington DC 20510,202-224-5842,https://www.rounds.senate.gov/contact/email-mike
Mark Walker,M,rep,NC,6,,Republican,1725 Longworth House Office Building Washington DC 20515-3306,202-225-3065,
Ben Sasse,M,sen,NE,,2,Republican,107 Russell Senate Office Building Washington DC 20510,202-224-4224,http://www.sasse.senate.gov/public/index.cfm/email-ben
Trent Kelly,M,rep,MS,1,,Republican,1005 Longworth House Office Building Washington DC 20515-2401,202-225-4306,
Darin LaHood,M,rep,IL,18,,Republican,1424 Longworth House Office Building Washington DC 20515-1318,202-225-6201,
Warren Davidson,M,rep,OH,8,,Republican,1107 Longworth House Office Building Washington DC 20515-3508,202-225-6205,
James Comer,M,rep,KY,1,,Republican,1037 Longworth House Office Building Washington DC 20515-1701,202-225-3115,
Dwight Evans,M,rep,PA,3,,Democrat,1105 Longworth House Office Building Washington DC 20515-3803,202-225-4001,
Kamala D. Harris,F,sen,CA,,3,Democrat,112 Hart Senate Office Building Washington DC 20510,202-224-3553,https://www.harris.senate.gov/contact
John Kennedy,M,sen,LA,,3,Republican,416 Russell Senate Office Building Washington DC 20510,202-224-4623,https://www.kennedy.senate.gov/public/email-me
Margaret Wood Hassan,F,sen,NH,,3,Democrat,324 Hart Senate Office Building Washington DC 20510,202-224-3324,https://www.hassan.senate.gov/content/contact-senator
Catherine Cortez Masto,F,sen,NV,,3,Democrat,516 Hart Senate Office Building Washington DC 20510,202-224-3542,https://www.cortezmasto.senate.gov/contact
Bradley Scott Schneider,M,rep,IL,10,,Democrat,1432 Longworth House Office Building Washington DC 20515-1310,202-225-4835,
Tom Oâ€™Halleran,M,rep,AZ,1,,Democrat,324 Cannon House Office Building Washington DC 20515-0301,202-225-3361,
Andy Biggs,M,rep,AZ,5,,Republican,1318 Longworth House Office Building Washington DC 20515-0305,202-225-2635,
Ro Khanna,M,rep,CA,17,,Democrat,221 Cannon House Office Building Washington DC 20515-0517,202-225-2631,
Jimmy Panetta,M,rep,CA,20,,Democrat,212 Cannon House Office Building Washington DC 20515-0520,202-225-2861,
Salud O. Carbajal,M,rep,CA,24,,Democrat,1431 Longworth House Office Building Washington DC 20515-0524,202-225-3601,
Nanette Diaz BarragÃ¡n,F,rep,CA,44,,Democrat,1030 Longworth House Office Building Washington DC 20515-0544,202-225-8220,
J. Luis Correa,M,rep,CA,46,,Democrat,1039 Longworth House Office Building Washington DC 20515-0546,202-225-2965,
Lisa Blunt Rochester,F,rep,DE,0,,Democrat,1519 Longworth House Office Building Washington DC 20515-0800,202-225-4165,
Matt Gaetz,M,rep,FL,1,,Republican,1721 Longworth House Office Building Washington DC 20515-0901,202-225-4136,
Neal P. Dunn,M,rep,FL,2,,Republican,316 Cannon House Office Building Washington DC 20515-0902,202-225-5235,
John H. Rutherford,M,rep,FL,4,,Republican,1711 Longworth House Office Building Washington DC 20515-0904,202-225-2501,
"Al Lawson, Jr.",M,rep,FL,5,,Democrat,1406 Longworth House Office Building Washington DC 20515-0905,202-225-0123,
Stephanie N. Murphy,F,rep,FL,7,,Democrat,1710 Longworth House Office Building Washington DC 20515-0907,202-225-4035,
Darren Soto,M,rep,FL,9,,Democrat,1507 Longworth House Office Building Washington DC 20515-0909,202-225-9889,
Val Butler Demings,F,rep,FL,10,,Democrat,217 Cannon House Office Building Washington DC 20515-0910,202-225-2176,
Charlie Crist,M,rep,FL,13,,Democrat,215 Cannon House Office Building Washington DC 20515-0913,202-225-5961,
Brian J. Mast,M,rep,FL,18,,Republican,2182 Rayburn House Office Building Washington DC 20515-0918,202-225-3026,
Francis Rooney,M,rep,FL,19,,Republican,120 Cannon House Office Building Washington DC 20515-0919,202-225-2536,
A. Drew Ferguson IV,M,rep,GA,3,,Republican,1032 Longworth House Office Building Washington DC 20515-1003,202-225-5901,
Raja Krishnamoorthi,M,rep,IL,8,,Democrat,115 Cannon House Office Building Washington DC 20515-1308,202-225-3711,
Jim Banks,M,rep,IN,3,,Republican,1713 Longworth House Office Building Washington DC 20515-1403,202-225-4436,
Trey Hollingsworth,M,rep,IN,9,,Republican,1641 Longworth House Office Building Washington DC 20515-1409,202-225-5315,
Roger W. Marshall,M,rep,KS,1,,Republican,312 Cannon House Office Building Washington DC 20515-1601,202-225-2715,
Clay Higgins,M,rep,LA,3,,Republican,424 Cannon House Office Building Washington DC 20515-1803,202-225-2031,
Mike Johnson,M,rep,LA,4,,Republican,418 Cannon House Office Building Washington DC 20515-1804,202-225-2777,
Anthony G. Brown,M,rep,MD,4,,Democrat,1323 Longworth House Office Building Washington DC 20515-2004,202-225-8699,
Jamie Raskin,M,rep,MD,8,,Democrat,412 Cannon House Office Building Washington DC 20515-2008,202-225-5341,
Jack Bergman,M,rep,MI,1,,Republican,414 Cannon House Office Building Washington DC 20515-2201,202-225-4735,
Paul Mitchell,M,rep,MI,10,,Republican,211 Cannon House Office Building Washington DC 20515-2210,202-225-2106,
Ted Budd,M,rep,NC,13,,Republican,118 Cannon House Office Building Washington DC 20515-3313,202-225-4531,
Don Bacon,M,rep,NE,2,,Republican,1024 Longworth House Office Building Washington DC 20515-2702,202-225-4155,
Josh Gottheimer,M,rep,NJ,5,,Democrat,213 Cannon House Office Building Washington DC 20515-3005,202-225-4465,
Jacky Rosen,F,sen,NV,,1,Democrat,144 Russell Senate Office Building Washington DC 20510,202-224-6244,https://www.rosen.senate.gov/contact_jacky
Thomas R. Suozzi,M,rep,NY,3,,Democrat,214 Cannon House Office Building Washington DC 20515-3203,202-225-3335,
Adriano Espaillat,M,rep,NY,13,,Democrat,1630 Longworth House Office Building Washington DC 20515-3213,202-225-4365,
Brian K. Fitzpatrick,M,rep,PA,1,,Republican,1722 Longworth House Office Building Washington DC 20515-3801,202-225-4276,
Lloyd Smucker,M,rep,PA,11,,Republican,127 Cannon House Office Building Washington DC 20515-3811,202-225-2411,
Jenniffer GonzÃ¡lez-ColÃ³n,F,rep,PR,0,,Republican,1609 Longworth House Office Building Washington DC 20515-5401,202-225-2615,
David Kustoff,M,rep,TN,8,,Republican,523 Cannon House Office Building Washington DC 20515-4208,202-225-4714,
Vicente Gonzalez,M,rep,TX,15,,Democrat,113 Cannon House Office Building Washington DC 20515-4315,202-225-2531,
Jodey C. Arrington,M,rep,TX,19,,Republican,1029 Longworth House Office Building Washington DC 20515-4319,202-225-4005,
A. Donald McEachin,M,rep,VA,4,,Democrat,314 Cannon House Office Building Washington DC 20515-4604,202-225-6365,
Pramila Jayapal,F,rep,WA,7,,Democrat,1510 Longworth House Office Building Washington DC 20515-4707,202-225-3106,
Mike Gallagher,M,rep,WI,8,,Republican,1230 Longworth House Office Building Washington DC 20515-4908,202-225-5665,
Liz Cheney,F,rep,WY,0,,Republican,416 Cannon House Office Building Washington DC 20515-5000,202-225-2311,
Ron Estes,M,rep,KS,4,,Republican,1524 Longworth House Office Building Washington DC 20515-1604,202-225-6216,
Greg Gianforte,M,rep,MT,0,,Republican,1222 Longworth House Office Building Washington DC 20515-2600,202-225-3211,
Ralph Norman,M,rep,SC,5,,Republican,319 Cannon House Office Building Washington DC 20515-4005,202-225-5501,
Jimmy Gomez,M,rep,CA,34,,Democrat,1530 Longworth House Office Building Washington DC 20515-0534,202-225-6235,
John R. Curtis,M,rep,UT,3,,Republican,125 Cannon House Office Building Washington DC 20515-4403,202-225-7751,
Doug Jones,M,sen,AL,,2,Democrat,330 Hart Senate Office Building Washington DC 20510,202-224-4124,https://www.jones.senate.gov/content/contact-senator
Tina Smith,F,sen,MN,,2,Democrat,720 Hart Senate Office Building Washington DC 20510,202-224-5641,https://www.smith.senate.gov/contact-tina
Cindy Hyde-Smith,F,sen,MS,,2,Republican,702 Hart Senate Office Building Washington DC 20510,202-224-5054,https://www.hydesmith.senate.gov/content/contact-senator
Conor Lamb,M,rep,PA,17,,Democrat,1224 Longworth House Office Building Washington DC 20515-3817,202-225-2301,
Debbie Lesko,F,rep,AZ,8,,Republican,1113 Longworth House Office Building Washington DC 20515-0308,202-225-4576,
Michael Cloud,M,rep,TX,27,,Republican,1314 Longworth House Office Building Washington DC 20515-4327,202-225-7742,
Troy Balderson,M,rep,OH,12,,Republican,1221 Longworth House Office Building Washington DC 20515-3512,202-225-5355,
Kevin Hern,M,rep,OK,1,,Republican,1019 Longworth House Office Building Washington DC 20515-3601,202-225-2211,
Joseph D. Morelle,M,rep,NY,25,,Democrat,1317 Longworth House Office Building Washington DC 20515-3225,202-225-3615,
Mary Gay Scanlon,F,rep,PA,5,,Democrat,1535 Longworth House Office Building Washington DC 20515-3805,202-225-2011,
Susan Wild,F,rep,PA,7,,Democrat,1607 Longworth House Office Building Washington DC 20515-3807,202-225-6411,
Ed Case,M,rep,HI,1,,Democrat,2443 Rayburn House Office Building Washington DC 20515-1101,202-225-2726,
Steven Horsford,M,rep,NV,4,,Democrat,1330 Longworth House Office Building Washington DC 20515-2804,202-225-9894,
Ann Kirkpatrick,F,rep,AZ,2,,Democrat,309 Cannon House Office Building Washington DC 20515-0302,202-225-2542,
Greg Stanton,M,rep,AZ,9,,Democrat,128 Cannon House Office Building Washington DC 20515-0309,202-225-9888,
Josh Harder,M,rep,CA,10,,Democrat,131 Cannon House Office Building Washington DC 20515-0510,202-225-4540,
TJ Cox,M,rep,CA,21,,Democrat,1728 Longworth House Office Building Washington DC 20515-0521,202-225-4695,
"Gilbert Ray Cisneros, Jr.",M,rep,CA,39,,Democrat,431 Cannon House Office Building Washington DC 20515-0539,202-225-4111,
Katie Porter,F,rep,CA,45,,Democrat,1117 Longworth House Office Building Washington DC 20515-0545,202-225-5611,
Harley Rouda,M,rep,CA,48,,Democrat,2300 Rayburn House Office Building Washington DC 20515-0548,202-225-2415,
Mike Levin,M,rep,CA,49,,Democrat,1626 Longworth House Office Building Washington DC 20515-0549,202-225-3906,
Joe Neguse,M,rep,CO,2,,Democrat,1419 Longworth House Office Building Washington DC 20515-0602,202-225-2161,
Jason Crow,M,rep,CO,6,,Democrat,1229 Longworth House Office Building Washington DC 20515-0606,202-225-7882,
Jahana Hayes,F,rep,CT,5,,Democrat,1415 Longworth House Office Building Washington DC 20515-0705,202-225-4476,
Michael Waltz,M,rep,FL,6,,Republican,216 Cannon House Office Building Washington DC 20515-0906,202-225-2706,
Ross Spano,M,rep,FL,15,,Republican,224 Cannon House Office Building Washington DC 20515-0915,202-225-1252,
W. Gregory Steube,M,rep,FL,17,,Republican,521 Cannon House Office Building Washington DC 20515-0917,202-225-5792,
Debbie Mucarsel-Powell,F,rep,FL,26,,Democrat,114 Cannon House Office Building Washington DC 20515-0926,202-225-2778,
Donna E. Shalala,F,rep,FL,27,,Democrat,1320 Longworth House Office Building Washington DC 20515-0927,202-225-3931,
Lucy McBath,F,rep,GA,6,,Democrat,1513 Longworth House Office Building Washington DC 20515-1006,202-225-4501,
Michael F. Q. San Nicolas,M,rep,GU,0,,Democrat,1632 Longworth House Office Building Washington DC 20515-5301,202-225-1188,
Abby Finkenauer,F,rep,IA,1,,Democrat,124 Cannon House Office Building Washington DC 20515-1501,202-225-2911,
Cynthia Axne,F,rep,IA,3,,Democrat,330 Cannon House Office Building Washington DC 20515-1503,202-225-5476,
Russ Fulcher,M,rep,ID,1,,Republican,1520 Longworth House Office Building Washington DC 20515-1201,202-225-6611,
"JesÃºs G. ""Chuy"" GarcÃ­a",M,rep,IL,4,,Democrat,530 Cannon House Office Building Washington DC 20515-1304,202-225-8203,
Sean Casten,M,rep,IL,6,,Democrat,429 Cannon House Office Building Washington DC 20515-1306,202-225-4561,
Lauren Underwood,F,rep,IL,14,,Democrat,1118 Longworth House Office Building Washington DC 20515-1314,202-225-2976,
James R. Baird,M,rep,IN,4,,Republican,532 Cannon House Office Building Washington DC 20515-1404,202-225-5037,
Greg Pence,M,rep,IN,6,,Republican,222 Cannon House Office Building Washington DC 20515-1406,202-225-3021,
Steve Watkins,M,rep,KS,2,,Republican,1205 Longworth House Office Building Washington DC 20515-1602,202-225-6601,
Sharice Davids,F,rep,KS,3,,Democrat,1541 Longworth House Office Building Washington DC 20515-1603,202-225-2865,
Lori Trahan,F,rep,MA,3,,Democrat,1616 Longworth House Office Building Washington DC 20515-2103,202-225-3411,
Ayanna Pressley,F,rep,MA,7,,Democrat,1108 Longworth House Office Building Washington DC 20515-2107,202-225-5111,
David J. Trone,M,rep,MD,6,,Democrat,1213 Longworth House Office Building Washington DC 20515-2006,202-225-2721,
Elissa Slotkin,F,rep,MI,8,,Democrat,1531 Longworth House Office Building Washington DC 20515-2208,202-225-4872,
Andy Levin,M,rep,MI,9,,Democrat,228 Cannon House Office Building Washington DC 20515-2209,202-225-4961,
Haley M. Stevens,F,rep,MI,11,,Democrat,227 Cannon House Office Building Washington DC 20515-2211,202-225-8171,
Rashida Tlaib,F,rep,MI,13,,Democrat,1628 Longworth House Office Building Washington DC 20515-2213,202-225-5126,
Jim Hagedorn,M,rep,MN,1,,Republican,325 Cannon House Office Building Washington DC 20515-2301,202-225-2472,
Angie Craig,F,rep,MN,2,,Democrat,1523 Longworth House Office Building Washington DC 20515-2302,202-225-2271,
Dean Phillips,M,rep,MN,3,,Democrat,1305 Longworth House Office Building Washington DC 20515-2303,202-225-2871,
Ilhan Omar,F,rep,MN,5,,Democrat,1517 Longworth House Office Building Washington DC 20515-2305,202-225-4755,
Pete Stauber,M,rep,MN,8,,Republican,126 Cannon House Office Building Washington DC 20515-2308,202-225-6211,
Michael Guest,M,rep,MS,3,,Republican,230 Cannon House Office Building Washington DC 20515-2403,202-225-5031,
Kelly Armstrong,M,rep,ND,0,,Republican,1004 Longworth House Office Building Washington DC 20515-3400,202-225-2611,
Chris Pappas,M,rep,NH,1,,Democrat,323 Cannon House Office Building Washington DC 20515-2901,202-225-5456,
Jefferson Van Drew,M,rep,NJ,2,,Republican,331 Cannon House Office Building Washington DC 20515-3002,202-225-6572,
Andy Kim,M,rep,NJ,3,,Democrat,1516 Longworth House Office Building Washington DC 20515-3003,202-225-4765,
Tom Malinowski,M,rep,NJ,7,,Democrat,426 Cannon House Office Building Washington DC 20515-3007,202-225-5361,
Mikie Sherrill,F,rep,NJ,11,,Democrat,1208 Longworth House Office Building Washington DC 20515-3011,202-225-5034,
Debra A. Haaland,F,rep,NM,1,,Democrat,1237 Longworth House Office Building Washington DC 20515-3101,202-225-6316,
Xochitl Torres Small,F,rep,NM,2,,Democrat,430 Cannon House Office Building Washington DC 20515-3102,202-225-2365,
Susie Lee,F,rep,NV,3,,Democrat,522 Cannon House Office Building Washington DC 20515-2803,202-225-3252,
Max Rose,M,rep,NY,11,,Democrat,1529 Longworth House Office Building Washington DC 20515-3211,202-225-3371,
Alexandria Ocasio-Cortez,F,rep,NY,14,,Democrat,229 Cannon House Office Building Washington DC 20515-3214,202-225-3965,
Antonio Delgado,M,rep,NY,19,,Democrat,1007 Longworth House Office Building Washington DC 20515-3219,202-225-5614,
Anthony Brindisi,M,rep,NY,22,,Democrat,329 Cannon House Office Building Washington DC 20515-3222,202-225-3665,
Anthony Gonzalez,M,rep,OH,16,,Republican,1023 Longworth House Office Building Washington DC 20515-3516,202-225-3876,
Kendra S. Horn,F,rep,OK,5,,Democrat,415 Cannon House Office Building Washington DC 20515-3605,202-225-2132,
Madeleine Dean,F,rep,PA,4,,Democrat,129 Cannon House Office Building Washington DC 20515-3804,202-225-4731,
Chrissy Houlahan,F,rep,PA,6,,Democrat,1218 Longworth House Office Building Washington DC 20515-3806,202-225-4315,
Daniel Meuser,M,rep,PA,9,,Republican,326 Cannon House Office Building Washington DC 20515-3809,202-225-6511,
John Joyce,M,rep,PA,13,,Republican,1337 Longworth House Office Building Washington DC 20515-3813,202-225-2431,
Guy Reschenthaler,M,rep,PA,14,,Republican,531 Cannon House Office Building Washington DC 20515-3814,202-225-2065,
Joe Cunningham,M,rep,SC,1,,Democrat,423 Cannon House Office Building Washington DC 20515-4001,202-225-3176,
William R. Timmons IV,M,rep,SC,4,,Republican,313 Cannon House Office Building Washington DC 20515-4004,202-225-6030,
Dusty Johnson,M,rep,SD,0,,Republican,1508 Longworth House Office Building Washington DC 20515-4100,202-225-2801,
Tim Burchett,M,rep,TN,2,,Republican,1122 Longworth House Office Building Washington DC 20515-4202,202-225-5435,
John W. Rose,M,rep,TN,6,,Republican,1232 Longworth House Office Building Washington DC 20515-4206,202-225-4231,
Mark E. Green,M,rep,TN,7,,Republican,533 Cannon House Office Building Washington DC 20515-4207,202-225-2811,
Dan Crenshaw,M,rep,TX,2,,Republican,413 Cannon House Office Building Washington DC 20515-4302,202-225-6565,
Van Taylor,M,rep,TX,3,,Republican,1404 Longworth House Office Building Washington DC 20515-4303,202-225-4201,
Lance Gooden,M,rep,TX,5,,Republican,425 Cannon House Office Building Washington DC 20515-4305,202-225-3484,
Ron Wright,M,rep,TX,6,,Republican,428 Cannon House Office Building Washington DC 20515-4306,202-225-2002,
Lizzie Fletcher,F,rep,TX,7,,Democrat,1429 Longworth House Office Building Washington DC 20515-4307,202-225-2571,
Veronica Escobar,F,rep,TX,16,,Democrat,1505 Longworth House Office Building Washington DC 20515-4316,202-225-4831,
Chip Roy,M,rep,TX,21,,Republican,1319 Longworth House Office Building Washington DC 20515-4321,202-225-4236,
Sylvia R. Garcia,F,rep,TX,29,,Democrat,1620 Longworth House Office Building Washington DC 20515-4329,202-225-1688,
Colin Z. Allred,M,rep,TX,32,,Democrat,328 Cannon House Office Building Washington DC 20515-4332,202-225-2231,
Ben McAdams,M,rep,UT,4,,Democrat,130 Cannon House Office Building Washington DC 20515-4404,202-225-3011,
Elaine G. Luria,F,rep,VA,2,,Democrat,534 Cannon House Office Building Washington DC 20515-4602,202-225-4215,
Denver Riggleman,M,rep,VA,5,,Republican,1022 Longworth House Office Building Washington DC 20515-4605,202-225-4711,
Ben Cline,M,rep,VA,6,,Republican,1009 Longworth House Office Building Washington DC 20515-4606,202-225-5431,
Abigail Davis Spanberger,F,rep,VA,7,,Democrat,1239 Longworth House Office Building Washington DC 20515-4607,202-225-2815,
Jennifer Wexton,F,rep,VA,10,,Democrat,1217 Longworth House Office Building Washington DC 20515-4610,202-225-5136,
Kim Schrier,F,rep,WA,8,,Democrat,1123 Longworth House Office Building Washington DC 20515-4708,202-225-7761,
Bryan Steil,M,rep,WI,1,,Republican,1408 Longworth House Office Building Washington DC 20515-4901,202-225-3031,
Carol D. Miller,F,rep,WV,3,,Republican,1605 Longworth House Office Building Washington DC 20515-4803,202-225-3452,
Rick Scott,M,sen,FL,,1,Republican,716 Hart Senate Office Building Washington DC 20510,202-224-5274,https://www.rickscott.senate.gov/contact_rick
Mike Braun,M,sen,IN,,1,Republican,374 Russell Senate Office Building Washington DC 20510,202-224-4814,http://www.braun.senate.gov/contact-mike
Josh Hawley,M,sen,MO,,1,Republican,212 Russell Senate Office Building Washington DC 20510,202-224-6154,https://www.hawley.senate.gov/contact-senator-hawley
Mitt Romney,M,sen,UT,,1,Republican,124 Russell Senate Office Building Washington DC 20510,202-224-5251,https://www.romney.senate.gov/contact-senator-romney
Martha McSally,F,sen,AZ,,3,Republican,404 Russell Senate Office Building Washington DC 20510,202-224-2235,https://www.mcsally.senate.gov/contact_martha
Jared F. Golden,M,rep,ME,2,,Democrat,1223 Longworth House Office Building Washington DC 20515-1902,202-225-6306,
Fred Keller,M,rep,PA,12,,Republican,1717 Longworth House Office Building Washington DC 20515-3812,202-225-3731,
Dan Bishop,M,rep,NC,9,,Republican,132 Cannon House Office Building Washington DC 20515-3309,202-225-1976,https://danbishop.house.gov/contact/email
Gregory F. Murphy,M,rep,NC,3,,Republican,2333 Rayburn House Office Building Washington DC 20515-3303,202-225-3415,https://gregmurphy.house.gov/contact/email
Kelly Loeffler,F,sen,GA,,3,Republican,131 Russell Senate Office Building Washington DC 20510,202-224-3643,https://www.loeffler.senate.gov
Kweisi Mfume,M,rep,MD,7,,Democrat,2163 Rayburn House Office Building Washington DC 20515-2007,202-225-4741,
Thomas P. Tiffany,M,rep,WI,7,,Republican,1714 Longworth House Office Building Washington DC 20515-4907,202-225-3365,
Mike Garcia,M,rep,CA,25,,Republican,1130 Longworth House Office Building Washington DC 20515-0525,202-225-1956,
Chris Jacobs,M,rep,NY,27,,Republican,2243 Rayburn House Office Building Washington DC 20515-3227,202-225-5265,
